{"cameraMode":{"drawMode":0,"name":"Shaded","section":"Shading Mode"},"sceneLighting":false,"audioPlay":false,"sceneViewState":{"m_AlwaysRefresh":false,"showFog":true,"showSkybox":false,"showFlares":true,"showImageEffects":true,"showParticleSystems":true,"showVisualEffectGraphs":true,"m_FxEnabled":true},"in2DMode":false,"pivot":{"x":-0.5527631044387817,"y":1.1888675689697266,"z":-0.2490025758743286},"rotation":{"x":-0.32841065526008608,"y":0.5065147280693054,"z":-0.20861424505710603,"w":-0.7703283429145813},"size":1.4679828882217408,"orthographic":false}