{"cameraMode":{"drawMode":0,"name":"Shaded","section":"Shading Mode"},"sceneLighting":true,"audioPlay":false,"sceneViewState":{"m_AlwaysRefresh":false,"showFog":true,"showSkybox":false,"showFlares":true,"showImageEffects":true,"showParticleSystems":true,"showVisualEffectGraphs":true,"m_FxEnabled":true},"in2DMode":false,"pivot":{"x":1.2336161136627198,"y":-1.5093135833740235,"z":0.8172390460968018},"rotation":{"x":-0.3487362265586853,"y":-0.4355650842189789,"z":0.19318655133247376,"w":-0.8077561259269714},"size":1.2310755252838135,"orthographic":false}