{"cameraMode":{"drawMode":0,"name":"Shaded","section":"Shading Mode"},"sceneLighting":true,"audioPlay":false,"sceneViewState":{"m_AlwaysRefresh":false,"showFog":true,"showSkybox":false,"showFlares":true,"showImageEffects":true,"showParticleSystems":true,"showVisualEffectGraphs":true,"m_FxEnabled":true},"in2DMode":false,"pivot":{"x":0.08921723067760468,"y":0.23917445540428163,"z":-0.20089125633239747},"rotation":{"x":-0.6003900766372681,"y":0.0613529197871685,"z":-0.04094104468822479,"w":-0.7970020771026611},"size":-0.26892468333244326,"orthographic":false}