{"cameraMode":{"drawMode":0,"name":"Shaded","section":"Shading Mode"},"sceneLighting":true,"audioPlay":false,"sceneViewState":{"m_AlwaysRefresh":false,"showFog":true,"showSkybox":false,"showFlares":true,"showImageEffects":true,"showParticleSystems":true,"showVisualEffectGraphs":true,"m_FxEnabled":true},"in2DMode":false,"pivot":{"x":0.16750912368297578,"y":0.31814098358154299,"z":0.039465367794036868},"rotation":{"x":-0.5614868402481079,"y":0.012436148710548878,"z":-0.0033467975445091726,"w":-0.8280626535415649},"size":1.2310755252838135,"orthographic":false}