{"cameraMode":{"drawMode":0,"name":"Shaded","section":"Shading Mode"},"sceneLighting":true,"audioPlay":false,"sceneViewState":{"m_AlwaysRefresh":false,"showFog":true,"showSkybox":false,"showFlares":true,"showImageEffects":true,"showParticleSystems":true,"showVisualEffectGraphs":true,"m_FxEnabled":true},"in2DMode":false,"pivot":{"x":-0.4642767906188965,"y":0.796326756477356,"z":0.6577559113502502},"rotation":{"x":-0.3939715623855591,"y":0.18614384531974793,"z":-0.07697951793670654,"w":-0.8974030613899231},"size":1.2310755252838135,"orthographic":false}