{"cameraMode":{"drawMode":0,"name":"Shaded","section":"Shading Mode"},"sceneLighting":true,"audioPlay":false,"sceneViewState":{"m_AlwaysRefresh":false,"showFog":true,"showSkybox":false,"showFlares":true,"showImageEffects":true,"showParticleSystems":true,"showVisualEffectGraphs":true,"m_FxEnabled":true},"in2DMode":false,"pivot":{"x":1.8719682693481446,"y":-0.3524557948112488,"z":1.1110938787460328},"rotation":{"x":-0.11291931569576264,"y":-0.4887828826904297,"z":0.0684574544429779,"w":-0.8630056381225586},"size":1.2310755252838135,"orthographic":false}