{"cameraMode":{"drawMode":0,"name":"Shaded","section":"Shading Mode"},"sceneLighting":true,"audioPlay":false,"sceneViewState":{"m_AlwaysRefresh":false,"showFog":true,"showSkybox":false,"showFlares":true,"showImageEffects":true,"showParticleSystems":true,"showVisualEffectGraphs":true,"m_FxEnabled":true},"in2DMode":false,"pivot":{"x":-2.0744974613189699,"y":2.892280101776123,"z":5.307663917541504},"rotation":{"x":0.10289104282855988,"y":-0.11645276844501496,"z":-0.007510048802942038,"w":-0.988364577293396},"size":2.1254594326019289,"orthographic":false}