{"cameraMode":{"drawMode":0,"name":"Shaded","section":"Shading Mode"},"sceneLighting":false,"audioPlay":false,"sceneViewState":{"m_AlwaysRefresh":false,"showFog":true,"showSkybox":true,"showFlares":true,"showImageEffects":true,"showParticleSystems":true,"showVisualEffectGraphs":true,"m_FxEnabled":false},"in2DMode":false,"pivot":{"x":-40.199562072753909,"y":-2.6596333980560304,"z":-0.7801530957221985},"rotation":{"x":-0.00976756401360035,"y":-0.07471798360347748,"z":0.0007553940522484481,"w":-0.9972033500671387},"size":5.4549994468688969,"orthographic":false}