{"cameraMode":{"drawMode":0,"name":"Shaded","section":"Shading Mode"},"sceneLighting":true,"audioPlay":false,"sceneViewState":{"m_AlwaysRefresh":false,"showFog":true,"showSkybox":true,"showFlares":true,"showImageEffects":true,"showParticleSystems":true,"showVisualEffectGraphs":true,"m_FxEnabled":true},"in2DMode":false,"pivot":{"x":-7.219703674316406,"y":-3.2718987464904787,"z":21.726116180419923},"rotation":{"x":-0.03973793238401413,"y":0.9688686728477478,"z":-0.1080019474029541,"w":-0.22562642395496369},"size":1.2990411520004273,"orthographic":false}