{"cameraMode":{"drawMode":0,"name":"Shaded","section":"Shading Mode"},"sceneLighting":true,"audioPlay":false,"sceneViewState":{"m_AlwaysRefresh":false,"showFog":true,"showSkybox":true,"showFlares":true,"showImageEffects":true,"showParticleSystems":true,"showVisualEffectGraphs":true,"m_FxEnabled":true},"in2DMode":false,"pivot":{"x":3.2891628742218019,"y":-2.1070096492767336,"z":17.811077117919923},"rotation":{"x":-0.044559281319379809,"y":0.16767069697380067,"z":0.00048745330423116684,"w":-0.9860557913780212},"size":1.0893020629882813,"orthographic":false}