{"cameraMode":{"drawMode":0,"name":"Shaded","section":"Shading Mode"},"sceneLighting":true,"audioPlay":false,"sceneViewState":{"m_AlwaysRefresh":false,"showFog":true,"showSkybox":true,"showFlares":true,"showImageEffects":true,"showParticleSystems":true,"showVisualEffectGraphs":true,"m_FxEnabled":true},"in2DMode":false,"pivot":{"x":-6.85976505279541,"y":-0.4453350305557251,"z":23.90250015258789},"rotation":{"x":0.021816156804561616,"y":-0.9281435608863831,"z":0.3750339448451996,"w":0.012008622288703919},"size":0.8660253882408142,"orthographic":false}