{"cameraMode":{"drawMode":0,"name":"Shaded","section":"Shading Mode"},"sceneLighting":false,"audioPlay":false,"sceneViewState":{"m_AlwaysRefresh":false,"showFog":true,"showSkybox":true,"showFlares":true,"showImageEffects":true,"showParticleSystems":true,"showVisualEffectGraphs":true,"m_FxEnabled":true},"in2DMode":false,"pivot":{"x":-3.0696728229522707,"y":-5.907600402832031,"z":14.638751983642579},"rotation":{"x":0.03507266938686371,"y":0.9592621922492981,"z":-0.24454359710216523,"w":0.14534366130828858},"size":13.004799842834473,"orthographic":false}