{"cameraMode":{"drawMode":0,"name":"Shaded","section":"Shading Mode"},"sceneLighting":false,"audioPlay":false,"sceneViewState":{"m_AlwaysRefresh":false,"showFog":true,"showSkybox":true,"showFlares":true,"showImageEffects":true,"showParticleSystems":true,"showVisualEffectGraphs":true,"m_FxEnabled":true},"in2DMode":false,"pivot":{"x":40.572776794433597,"y":-1.8466891050338746,"z":26.296730041503908},"rotation":{"x":0.01785711757838726,"y":-0.9930751323699951,"z":0.06507892161607743,"w":-0.11360198259353638},"size":0.033974647521972659,"orthographic":false}