{"cameraMode":{"drawMode":0,"name":"Shaded","section":"Shading Mode"},"sceneLighting":false,"audioPlay":false,"sceneViewState":{"m_AlwaysRefresh":false,"showFog":true,"showSkybox":true,"showFlares":true,"showImageEffects":true,"showParticleSystems":true,"showVisualEffectGraphs":true,"m_FxEnabled":true},"in2DMode":false,"pivot":{"x":10.493204116821289,"y":-2.4370288848876955,"z":12.158820152282715},"rotation":{"x":-0.09505893290042877,"y":0.7475377321243286,"z":-0.014097742736339569,"w":-0.6618158221244812},"size":13.745626449584961,"orthographic":false}