{"cameraMode":{"drawMode":0,"name":"Shaded","section":"Shading Mode"},"sceneLighting":true,"audioPlay":false,"sceneViewState":{"m_AlwaysRefresh":false,"showFog":true,"showSkybox":true,"showFlares":true,"showImageEffects":true,"showParticleSystems":true,"showVisualEffectGraphs":true,"m_FxEnabled":true},"in2DMode":false,"pivot":{"x":0.8643616437911987,"y":67.20955657958985,"z":-29.5438289642334},"rotation":{"x":0.5260885953903198,"y":0.012807569466531277,"z":-0.008909378200769425,"w":0.850813627243042},"size":0.8832100629806519,"orthographic":false}