{"cameraMode":{"drawMode":0,"name":"Shaded","section":"Shading Mode"},"sceneLighting":false,"audioPlay":false,"sceneViewState":{"m_AlwaysRefresh":false,"showFog":true,"showSkybox":true,"showFlares":true,"showImageEffects":true,"showParticleSystems":true,"showVisualEffectGraphs":true,"m_FxEnabled":false},"in2DMode":false,"pivot":{"x":18.28664779663086,"y":-0.46152621507644656,"z":15.08170223236084},"rotation":{"x":0.0032365533988922836,"y":-0.6243667602539063,"z":-0.0018837739480659366,"w":-0.7812682390213013},"size":0.8660253882408142,"orthographic":false}