{"cameraMode":{"drawMode":0,"name":"Shaded","section":"Shading Mode"},"sceneLighting":false,"audioPlay":false,"sceneViewState":{"m_AlwaysRefresh":false,"showFog":false,"showSkybox":false,"showFlares":false,"showImageEffects":false,"showParticleSystems":false,"showVisualEffectGraphs":true,"m_FxEnabled":true},"in2DMode":false,"pivot":{"x":0.39437976479530337,"y":-0.3085719347000122,"z":-1.6291913986206055},"rotation":{"x":0.06931544095277786,"y":-0.9914995431900024,"z":0.13302555680274964,"w":-0.025656970217823983},"size":1.365567684173584,"orthographic":false}