{"cameraMode":{"drawMode":0,"name":"Shaded","section":"Shading Mode"},"sceneLighting":false,"audioPlay":false,"sceneViewState":{"m_AlwaysRefresh":false,"showFog":true,"showSkybox":false,"showFlares":true,"showImageEffects":true,"showParticleSystems":true,"showVisualEffectGraphs":true,"m_FxEnabled":true},"in2DMode":false,"pivot":{"x":-2.748413562774658,"y":15.948273658752442,"z":-20.38922119140625},"rotation":{"x":0.2112695574760437,"y":0.023926613852381707,"z":-0.0017022461397573352,"w":0.9774556159973145},"size":2.1239869594573976,"orthographic":false}