{"cameraMode":{"drawMode":0,"name":"Shaded","section":"Shading Mode"},"sceneLighting":false,"audioPlay":false,"sceneViewState":{"m_AlwaysRefresh":false,"showFog":true,"showSkybox":false,"showFlares":true,"showImageEffects":true,"showParticleSystems":true,"showVisualEffectGraphs":true,"m_FxEnabled":true},"in2DMode":false,"pivot":{"x":16.645240783691408,"y":3.5099143981933595,"z":23.857200622558595},"rotation":{"x":-0.03227994218468666,"y":0.3379562497138977,"z":-0.008682508952915669,"w":-0.9410743117332459},"size":9.049971580505371,"orthographic":false}