{"cameraMode":{"drawMode":0,"name":"Shaded","section":"Shading Mode"},"sceneLighting":true,"audioPlay":false,"sceneViewState":{"m_AlwaysRefresh":false,"showFog":true,"showSkybox":true,"showFlares":true,"showImageEffects":true,"showParticleSystems":true,"showVisualEffectGraphs":true,"m_FxEnabled":false},"in2DMode":false,"pivot":{"x":27.22821807861328,"y":-3.2222325801849367,"z":2.9807205200195314},"rotation":{"x":-0.04619579017162323,"y":0.9304633736610413,"z":-0.11882403492927551,"w":-0.3449406325817108},"size":0.8660253882408142,"orthographic":false}